-- phpMyAdmin SQL Dump
-- version 5.2.0
-- https://www.phpmyadmin.net/
--
-- Máy chủ: 127.0.0.1
-- Thời gian đã tạo: Th3 23, 2025 lúc 05:38 PM
-- Phiên bản máy phục vụ: 10.4.25-MariaDB
-- Phiên bản PHP: 8.1.10

SET SQL_MODE = "NO_AUTO_VALUE_ON_ZERO";
START TRANSACTION;
SET time_zone = "+00:00";


/*!40101 SET @OLD_CHARACTER_SET_CLIENT=@@CHARACTER_SET_CLIENT */;
/*!40101 SET @OLD_CHARACTER_SET_RESULTS=@@CHARACTER_SET_RESULTS */;
/*!40101 SET @OLD_COLLATION_CONNECTION=@@COLLATION_CONNECTION */;
/*!40101 SET NAMES utf8mb4 */;

--
-- Cơ sở dữ liệu: `website_thue_phong_moi`
--

-- --------------------------------------------------------

--
-- Cấu trúc bảng cho bảng `configs`
--

CREATE TABLE `configs` (
  `id` int(11) NOT NULL,
  `key` varchar(255) DEFAULT NULL,
  `content` text DEFAULT NULL,
  `createdAt` datetime NOT NULL,
  `updatedAt` datetime NOT NULL,
  `type` varchar(255) DEFAULT NULL
) ENGINE=InnoDB DEFAULT CHARSET=utf8mb4;

--
-- Đang đổ dữ liệu cho bảng `configs`
--

INSERT INTO `configs` (`id`, `key`, `content`, `createdAt`, `updatedAt`, `type`) VALUES
(1, 'logo', 'assets\\images\\configs\\Birds_and_nest.gif', '0000-00-00 00:00:00', '2025-02-26 15:14:23', 'image'),
(2, 'logo_big', 'assets\\images\\configs\\small_business.png', '0000-00-00 00:00:00', '2025-02-26 15:16:24', 'image'),
(3, 'textDecription', 'I love creating websites for small businesses. Particularly for crafters, photographers, bakers, stay at home moms with their side hustles. Anything cute and fun. But, I understand that spending thousands on a custom website is unlikely to fit in the budget. I can offer deep discounts for those who are willing to give up the reins on the design decisions. You give me your content (photos, text, etc.) and I will build you a beautiful, custom website. Something that will make you stand out from the crowd. Get in touch to find out more.', '0000-00-00 00:00:00', '0000-00-00 00:00:00', 'text'),
(4, 'textTitle', 'look no farther!', '0000-00-00 00:00:00', '0000-00-00 00:00:00', 'text'),
(5, 'linkfb', 'https://www.facebook.com/phongdayhocchothue.hoahoctro.danang/', '0000-00-00 00:00:00', '0000-00-00 00:00:00', 'text'),
(6, 'linkMess', 'https://www.facebook.com/messages/t/392234097613470', '0000-00-00 00:00:00', '0000-00-00 00:00:00', 'text'),
(7, 'linkYoutube', 'https://www.youtube.com/channel/UCOPijTagF3kOO9G7tXctp0w', '0000-00-00 00:00:00', '0000-00-00 00:00:00', 'text'),
(8, 'imgContact', 'assets\\images\\configs\\contact.jpg', '0000-00-00 00:00:00', '2025-02-26 15:17:20', 'image'),
(9, 'nurseryImg', 'assets\\images\\configs\\F1AsDDdXsAsBZns.jpg', '0000-00-00 00:00:00', '2025-02-26 15:17:26', 'image'),
(10, 'nurseryTitle', 'Welcome to the Duchy of Cornwall Nursery, a place for one and all Welcome to the Duchy of Cornwall Nursery, a place for one and all', '0000-00-00 00:00:00', '0000-00-00 00:00:00', 'text'),
(11, 'nameBrand', 'CHO THUÊ PHÒNG DẠY HỌC ĐÀ NẴNG HHT', '0000-00-00 00:00:00', '0000-00-00 00:00:00', 'text'),
(12, 'address', '15 Đào Duy Anh - Đà Nẵng, 70 Phạm Văn Nghị - Đà Nẵng', '0000-00-00 00:00:00', '2025-03-19 15:03:43', 'text'),
(13, 'phone', '0913921920', '0000-00-00 00:00:00', '0000-00-00 00:00:00', 'text'),
(14, 'email', 'trungtamhoahoctro@gmail.com', '0000-00-00 00:00:00', '0000-00-00 00:00:00', 'text'),
(15, 'zalo', 'https://zalo.me/0337165122', '0000-00-00 00:00:00', '0000-00-00 00:00:00', 'text'),
(16, 'googleMap', 'https://maps.app.goo.gl/ws25eN2Tpeh9AwtS7', '0000-00-00 00:00:00', '0000-00-00 00:00:00', 'text'),
(18, 'background', 'assets\\images\\configs\\a99150561d7030db05377701bffbc48f.jpg', '2025-03-16 16:19:47', '2025-03-19 14:37:13', 'image'),
(19, 'linkNotication', NULL, '2025-03-23 17:08:59', '2025-03-23 17:08:59', 'text'),
(20, 'textNotication', NULL, '2025-03-23 17:08:59', '2025-03-23 17:08:59', 'text');

-- --------------------------------------------------------

--
-- Cấu trúc bảng cho bảng `orders`
--

CREATE TABLE `orders` (
  `id` int(11) NOT NULL,
  `email` varchar(255) DEFAULT NULL,
  `phone` varchar(255) DEFAULT NULL,
  `full_name` varchar(255) DEFAULT NULL,
  `note` varchar(255) DEFAULT NULL,
  `student_number` int(11) DEFAULT NULL,
  `product_id` int(11) DEFAULT NULL,
  `date` datetime DEFAULT '2025-01-08 15:35:38',
  `subject` varchar(255) NOT NULL,
  `createdAt` datetime NOT NULL,
  `updatedAt` datetime NOT NULL
) ENGINE=InnoDB DEFAULT CHARSET=utf8mb4;

--
-- Đang đổ dữ liệu cho bảng `orders`
--

INSERT INTO `orders` (`id`, `email`, `phone`, `full_name`, `note`, `student_number`, `product_id`, `date`, `subject`, `createdAt`, `updatedAt`) VALUES
(1, 'bongiagia01@gmail.com', '0965840200', 'DIep', 'nnnnn', 12, 2, '2025-03-05 15:14:33', '', '2025-03-05 15:20:07', '2025-03-05 15:20:07'),
(2, 'bongiagia01@gmail.com', '0965840200', 'Ngô Văn Điệp', 'abcd', 12, 6, '2025-03-10 15:07:21', '', '2025-03-10 15:55:33', '2025-03-10 15:55:33'),
(3, 'bongiagia01@gmail.com', '0965840200', 'Diep', 'qưqwq', 12, 4, '2025-03-18 16:18:18', 'Môn a', '2025-03-18 16:24:31', '2025-03-18 16:24:31'),
(4, 'bongiagia01@gmail.com', '0965840200', 'Diep', 'www', 2, 4, '2025-03-18 16:28:55', 'Mon a', '2025-03-18 16:29:11', '2025-03-18 16:29:11'),
(5, '', '0965840200', 'dsdsds', 'sdsds', 12, 5, '2025-03-23 16:25:27', 'wwww', '2025-03-23 16:25:45', '2025-03-23 16:25:45'),
(6, '', '0965840200', 'ddd', 'dsd', 12, 5, '2025-03-23 16:28:26', 'www', '2025-03-23 16:34:32', '2025-03-23 16:34:32');

-- --------------------------------------------------------

--
-- Cấu trúc bảng cho bảng `products`
--

CREATE TABLE `products` (
  `id` int(11) NOT NULL,
  `name` varchar(255) DEFAULT NULL,
  `content` text DEFAULT NULL,
  `image` varchar(255) DEFAULT NULL,
  `status` int(11) DEFAULT 1,
  `createdAt` datetime NOT NULL,
  `updatedAt` datetime NOT NULL,
  `equipment` varchar(255) NOT NULL,
  `contains` varchar(255) NOT NULL,
  `description` varchar(255) NOT NULL,
  `price` varchar(255) NOT NULL,
  `capacity` int(11) NOT NULL,
  `isSpecial` double NOT NULL DEFAULT 0
) ENGINE=InnoDB DEFAULT CHARSET=utf8mb4;

--
-- Đang đổ dữ liệu cho bảng `products`
--

INSERT INTO `products` (`id`, `name`, `content`, `image`, `status`, `createdAt`, `updatedAt`, `equipment`, `contains`, `description`, `price`, `capacity`, `isSpecial`) VALUES
(2, 'abd', '<p>aaaaa</p>', 'assets\\images\\products\\Screenshot 2024-11-11 205349.png', 0, '2025-01-08 15:48:44', '2025-03-18 16:18:38', '', '', 'aaaaaa', '121212', 0, 0),
(4, 'SP 2', '<p>ssss</p>', 'assets\\images\\products\\Screenshot 2024-11-23 204837.png', 0, '2025-01-08 15:50:10', '2025-03-18 16:24:31', '', '', 'ssss', '0', 0, 1),
(5, 'sp 3', 'dddd', 'assets\\images\\products\\Screenshot 2024-11-23 204837.png', 0, '2025-01-08 15:50:28', '2025-03-23 16:25:45', '', '', '', '0', 0, 0),
(6, 'SP 5', 'ssss', 'assets\\images\\products\\lap-trinh-web.jpg', 0, '2025-01-08 15:51:26', '2025-03-10 15:55:33', '', '', '', '0', 0, 0),
(7, 'SSSSSSSSS', 'swwwwww', 'assets\\images\\products\\5E5E6699-6851-4164-ABF4-A488C086CE47.jpg', 1, '2025-01-12 14:33:51', '2025-01-12 14:33:51', 'wwwwwwwww', 'sssdsds', 'xxxxxxxxxxxx', '12000', 0, 1),
(8, 'wwww', '<p>qwqwq</p>', 'assets\\images\\products\\183392423_Untitled-51.jpg', 1, '2025-03-18 15:54:13', '2025-03-18 15:54:13', 'wqw', '1wqqw', 'wwqwqw', '12w', 0, 0),
(9, 'wwww', '<p>qwqwq</p>', 'assets\\images\\products\\183392423_Untitled-51.jpg', 1, '2025-03-18 15:55:33', '2025-03-18 15:55:33', 'wwww', 'sasaee2', 'wqwqwq', '12', 0, 0),
(10, 'wwww', '<p>Phát biểu tại chương trình, Bí thư Thành ủy Nguyễn Văn Quảng cho biết, ra đời trong giai đoạn kháng chiến chống Mỹ đầy cam go và khó khăn, Mặt trận 44 Quảng Đà là lực lượng chủ lực trên chiến trường Quảng Nam - Đà Nẵng, trực tiếp đối mặt với quân địch đông đảo, tinh nhuệ, được trang bị vũ khí hiện đại. Nhưng với tinh thần “Trung dũng, kiên cường, đi đầu diệt Mỹ”, cán bộ, chiến sĩ Mặt trận 44 Quảng Đà đã vượt qua mọi khó khăn, gian khổ, mưu trí, dũng cảm, chiến đấu ngoan cường.</p><p>Qua đó, lập nên nhiều chiến công vang dội, góp phần quan trọng giải phóng thành phố Đà Nẵng và thắng lợi chung của cách mạng miền Nam, thống nhất đất nước.&nbsp;</p><p>Sau ngày đất nước thống nhất, các cựu chiến binh Mặt trận 44 Quảng Đà tiếp tục phát huy truyền thống “Bộ đội Cụ Hồ”, tích cực tham gia xây dựng quê hương, đất nước, giúp đỡ đồng đội, đóng góp vào sự phát triển chung của thành phố Đà Nẵng và cả nước.</p><p>Bí thư Thành ủy bày tỏ sự tri ân và lòng biết ơn sâu sắc đối với những cống hiến, hy sinh to lớn của những người đã không tiếc máu xương, chiến đấu vì độc lập, tự do của dân tộc và hạnh phúc của nhân dân.</p><p><span style=\"color: rgb(230, 0, 0);\"><img src=\"https://baodanang.vn/dataimages/202503/original/images1770114_IMG_7225.jpeg\"></span>Bí thư Thành ủy Nguyễn Văn Quảng (bên phải) tặng hoa chúc mừng Ban liên lạc Mặt trận 44 Quảng Đà. Ảnh: KHÁNH NGÂN</p><p><span style=\"color: rgb(230, 0, 0);\">﻿</span></p>', 'assets\\images\\products\\F1AsDDdXsAsBZns.jpg', 1, '2025-03-18 15:56:40', '2025-03-19 14:24:42', 'ccccc', '11111', 'cccc', '11111', 0, 1);

-- --------------------------------------------------------

--
-- Cấu trúc bảng cho bảng `product_images`
--

CREATE TABLE `product_images` (
  `id` int(11) NOT NULL,
  `image_detail` varchar(255) DEFAULT NULL,
  `product_id` int(11) DEFAULT NULL,
  `createdAt` datetime NOT NULL,
  `updatedAt` datetime NOT NULL
) ENGINE=InnoDB DEFAULT CHARSET=utf8mb4;

--
-- Đang đổ dữ liệu cho bảng `product_images`
--

INSERT INTO `product_images` (`id`, `image_detail`, `product_id`, `createdAt`, `updatedAt`) VALUES
(1, 'assets\\images\\products-detail\\frederique-constant-business-timer-mens-watch-fc-270sw4p6_2 - Copy - Copy.jpg', 2, '2025-03-17 14:31:50', '2025-03-17 14:31:50'),
(2, 'assets\\images\\products-detail\\frederique-constant-business-timer-mens-watch-fc-270sw4p6_2 - Copy (2).jpg', 2, '2025-03-17 14:31:50', '2025-03-17 14:31:50'),
(7, 'assets\\images\\products-detail\\contact.jpg', 10, '2025-03-19 14:21:49', '2025-03-19 14:21:49'),
(8, 'assets\\images\\products-detail\\F1AsDDdXsAsBZns.jpg', 10, '2025-03-19 14:21:49', '2025-03-19 14:21:49');

-- --------------------------------------------------------

--
-- Cấu trúc bảng cho bảng `sliders`
--

CREATE TABLE `sliders` (
  `id` int(11) NOT NULL,
  `name` varchar(255) NOT NULL,
  `image` varchar(255) NOT NULL,
  `createdAt` datetime NOT NULL,
  `updatedAt` datetime NOT NULL
) ENGINE=InnoDB DEFAULT CHARSET=utf8mb4;

--
-- Đang đổ dữ liệu cho bảng `sliders`
--

INSERT INTO `sliders` (`id`, `name`, `image`, `createdAt`, `updatedAt`) VALUES
(2, 'Slider 2', 'assets\\images\\sliders\\A58AED40-4421-4126-AE60-D17A27290AF4.jpg', '2025-01-16 16:12:32', '2025-01-16 16:12:32'),
(3, 'Slider 1', 'assets\\images\\sliders\\nganh-lap-trinh-web-co-quotloi-thoiquot-trong-tuong-lai-20221102162400-623229.jpg', '2025-02-12 14:09:31', '2025-02-12 14:09:31'),
(4, 'aaaa', 'assets\\images\\sliders\\D739C34A-6F38-4525-97B6-3144F61CDBB2.jpg', '2025-03-23 15:26:19', '2025-03-23 15:26:19');

-- --------------------------------------------------------

--
-- Cấu trúc bảng cho bảng `users`
--

CREATE TABLE `users` (
  `id` int(11) NOT NULL,
  `name` varchar(255) DEFAULT NULL,
  `email` varchar(255) DEFAULT NULL,
  `password` varchar(255) DEFAULT NULL,
  `createdAt` datetime NOT NULL,
  `updatedAt` datetime NOT NULL
) ENGINE=InnoDB DEFAULT CHARSET=utf8mb4;

--
-- Đang đổ dữ liệu cho bảng `users`
--

INSERT INTO `users` (`id`, `name`, `email`, `password`, `createdAt`, `updatedAt`) VALUES
(1, 'Admin', 'admin@gmail.com', '$2a$10$hYHY9bhr8SKEScFL5l6H7.eCexKVOcdXScsqr00Enq0aiaHfwSTHK', '0000-00-00 00:00:00', '0000-00-00 00:00:00');

-- --------------------------------------------------------

--
-- Cấu trúc bảng cho bảng `visits`
--

CREATE TABLE `visits` (
  `id` int(11) NOT NULL,
  `ip_address` varchar(255) NOT NULL,
  `user_agent` text NOT NULL,
  `visit_time` date DEFAULT NULL
) ENGINE=InnoDB DEFAULT CHARSET=utf8mb4;

--
-- Đang đổ dữ liệu cho bảng `visits`
--

INSERT INTO `visits` (`id`, `ip_address`, `user_agent`, `visit_time`) VALUES
(1, '::1', 'Mozilla/5.0 (Windows NT 10.0; Win64; x64) AppleWebKit/537.36 (KHTML, like Gecko) Chrome/133.0.0.0 Safari/537.36', '2025-02-26'),
(2, '::1', 'Mozilla/5.0 (Windows NT 10.0; Win64; x64) AppleWebKit/537.36 (KHTML, like Gecko) Chrome/133.0.0.0 Safari/537.36', '2025-02-26'),
(3, '::1', 'Mozilla/5.0 (Windows NT 10.0; Win64; x64) AppleWebKit/537.36 (KHTML, like Gecko) Chrome/133.0.0.0 Safari/537.36', '2025-02-26'),
(4, '::1', 'Mozilla/5.0 (Windows NT 10.0; Win64; x64) AppleWebKit/537.36 (KHTML, like Gecko) Chrome/133.0.0.0 Safari/537.36', '2025-02-28'),
(5, '::1', 'Mozilla/5.0 (Windows NT 10.0; Win64; x64) AppleWebKit/537.36 (KHTML, like Gecko) Chrome/133.0.0.0 Safari/537.36', '2025-02-28'),
(6, '::1', 'Mozilla/5.0 (Windows NT 10.0; Win64; x64) AppleWebKit/537.36 (KHTML, like Gecko) Chrome/133.0.0.0 Safari/537.36', '2025-02-28'),
(7, '::1', 'Mozilla/5.0 (Windows NT 10.0; Win64; x64) AppleWebKit/537.36 (KHTML, like Gecko) Chrome/133.0.0.0 Safari/537.36', '2025-02-28'),
(8, '::1', 'Mozilla/5.0 (Windows NT 10.0; Win64; x64) AppleWebKit/537.36 (KHTML, like Gecko) Chrome/133.0.0.0 Safari/537.36', '2025-02-28'),
(9, '::1', 'Mozilla/5.0 (Windows NT 10.0; Win64; x64) AppleWebKit/537.36 (KHTML, like Gecko) Chrome/133.0.0.0 Safari/537.36', '2025-02-28'),
(10, '::1', 'Mozilla/5.0 (Windows NT 10.0; Win64; x64) AppleWebKit/537.36 (KHTML, like Gecko) Chrome/133.0.0.0 Safari/537.36', '2025-02-28'),
(11, '::1', 'Mozilla/5.0 (Windows NT 10.0; Win64; x64) AppleWebKit/537.36 (KHTML, like Gecko) Chrome/133.0.0.0 Safari/537.36', '2025-02-28'),
(12, '::1', 'Mozilla/5.0 (Windows NT 10.0; Win64; x64) AppleWebKit/537.36 (KHTML, like Gecko) Chrome/133.0.0.0 Safari/537.36', '2025-02-28'),
(13, '::1', 'Mozilla/5.0 (Windows NT 10.0; Win64; x64) AppleWebKit/537.36 (KHTML, like Gecko) Chrome/133.0.0.0 Safari/537.36', '2025-02-28'),
(14, '::1', 'Mozilla/5.0 (Windows NT 10.0; Win64; x64) AppleWebKit/537.36 (KHTML, like Gecko) Chrome/133.0.0.0 Safari/537.36', '2025-02-28'),
(15, '::1', 'Mozilla/5.0 (Windows NT 10.0; Win64; x64) AppleWebKit/537.36 (KHTML, like Gecko) Chrome/133.0.0.0 Safari/537.36', '2025-02-28'),
(16, '::1', 'Mozilla/5.0 (Windows NT 10.0; Win64; x64) AppleWebKit/537.36 (KHTML, like Gecko) Chrome/133.0.0.0 Safari/537.36', '2025-02-28'),
(17, '::1', 'Mozilla/5.0 (Windows NT 10.0; Win64; x64) AppleWebKit/537.36 (KHTML, like Gecko) Chrome/133.0.0.0 Safari/537.36', '2025-02-28'),
(18, '::1', 'Mozilla/5.0 (Windows NT 10.0; Win64; x64) AppleWebKit/537.36 (KHTML, like Gecko) Chrome/133.0.0.0 Safari/537.36', '2025-02-28'),
(19, '::1', 'Mozilla/5.0 (Windows NT 10.0; Win64; x64) AppleWebKit/537.36 (KHTML, like Gecko) Chrome/133.0.0.0 Safari/537.36', '2025-02-28'),
(20, '::1', 'Mozilla/5.0 (Windows NT 10.0; Win64; x64) AppleWebKit/537.36 (KHTML, like Gecko) Chrome/133.0.0.0 Safari/537.36', '2025-02-28'),
(21, '::1', 'Mozilla/5.0 (Windows NT 10.0; Win64; x64) AppleWebKit/537.36 (KHTML, like Gecko) Chrome/133.0.0.0 Safari/537.36', '2025-02-28'),
(22, '::1', 'Mozilla/5.0 (Windows NT 10.0; Win64; x64) AppleWebKit/537.36 (KHTML, like Gecko) Chrome/133.0.0.0 Safari/537.36', '2025-02-28'),
(23, '::1', 'Mozilla/5.0 (Windows NT 10.0; Win64; x64) AppleWebKit/537.36 (KHTML, like Gecko) Chrome/133.0.0.0 Safari/537.36', '2025-02-28'),
(24, '::1', 'Mozilla/5.0 (Windows NT 10.0; Win64; x64) AppleWebKit/537.36 (KHTML, like Gecko) Chrome/133.0.0.0 Safari/537.36', '2025-02-28'),
(25, '::1', 'Mozilla/5.0 (Windows NT 10.0; Win64; x64) AppleWebKit/537.36 (KHTML, like Gecko) Chrome/133.0.0.0 Safari/537.36', '2025-02-28'),
(26, '::1', 'Mozilla/5.0 (Windows NT 10.0; Win64; x64) AppleWebKit/537.36 (KHTML, like Gecko) Chrome/133.0.0.0 Safari/537.36', '2025-02-28'),
(27, '::1', 'Mozilla/5.0 (Windows NT 10.0; Win64; x64) AppleWebKit/537.36 (KHTML, like Gecko) Chrome/133.0.0.0 Safari/537.36', '2025-02-28'),
(28, '::1', 'Mozilla/5.0 (Windows NT 10.0; Win64; x64) AppleWebKit/537.36 (KHTML, like Gecko) Chrome/133.0.0.0 Safari/537.36', '2025-02-28'),
(29, '::1', 'Mozilla/5.0 (iPhone; CPU iPhone OS 16_6 like Mac OS X) AppleWebKit/605.1.15 (KHTML, like Gecko) Version/16.6 Mobile/15E148 Safari/604.1', '2025-02-28'),
(30, '::1', 'Mozilla/5.0 (Windows NT 10.0; Win64; x64) AppleWebKit/537.36 (KHTML, like Gecko) Chrome/133.0.0.0 Safari/537.36', '2025-02-28'),
(31, '::1', 'Mozilla/5.0 (Windows NT 10.0; Win64; x64) AppleWebKit/537.36 (KHTML, like Gecko) Chrome/133.0.0.0 Safari/537.36', '2025-02-28'),
(32, '::1', 'Mozilla/5.0 (Windows NT 10.0; Win64; x64) AppleWebKit/537.36 (KHTML, like Gecko) Chrome/133.0.0.0 Safari/537.36', '2025-02-28'),
(33, '::1', 'Mozilla/5.0 (Windows NT 10.0; Win64; x64) AppleWebKit/537.36 (KHTML, like Gecko) Chrome/133.0.0.0 Safari/537.36', '2025-02-28'),
(34, '::1', 'Mozilla/5.0 (Windows NT 10.0; Win64; x64) AppleWebKit/537.36 (KHTML, like Gecko) Chrome/133.0.0.0 Safari/537.36', '2025-03-05'),
(35, '::1', 'Mozilla/5.0 (Windows NT 10.0; Win64; x64) AppleWebKit/537.36 (KHTML, like Gecko) Chrome/133.0.0.0 Safari/537.36', '2025-03-05'),
(36, '::1', 'Mozilla/5.0 (Windows NT 10.0; Win64; x64) AppleWebKit/537.36 (KHTML, like Gecko) Chrome/133.0.0.0 Safari/537.36', '2025-03-05'),
(37, '::1', 'Mozilla/5.0 (Windows NT 10.0; Win64; x64) AppleWebKit/537.36 (KHTML, like Gecko) Chrome/133.0.0.0 Safari/537.36', '2025-03-05'),
(38, '::1', 'Mozilla/5.0 (Windows NT 10.0; Win64; x64) AppleWebKit/537.36 (KHTML, like Gecko) Chrome/133.0.0.0 Safari/537.36', '2025-03-05'),
(39, '::1', 'Mozilla/5.0 (Windows NT 10.0; Win64; x64) AppleWebKit/537.36 (KHTML, like Gecko) Chrome/133.0.0.0 Safari/537.36', '2025-03-05'),
(40, '::1', 'Mozilla/5.0 (Windows NT 10.0; Win64; x64) AppleWebKit/537.36 (KHTML, like Gecko) Chrome/133.0.0.0 Safari/537.36', '2025-03-05'),
(41, '::1', 'Mozilla/5.0 (Windows NT 10.0; Win64; x64) AppleWebKit/537.36 (KHTML, like Gecko) Chrome/133.0.0.0 Safari/537.36', '2025-03-05'),
(42, '::1', 'Mozilla/5.0 (Windows NT 10.0; Win64; x64) AppleWebKit/537.36 (KHTML, like Gecko) Chrome/133.0.0.0 Safari/537.36', '2025-03-05'),
(43, '::1', 'Mozilla/5.0 (Windows NT 10.0; Win64; x64) AppleWebKit/537.36 (KHTML, like Gecko) Chrome/133.0.0.0 Safari/537.36', '2025-03-05'),
(44, '::1', 'Mozilla/5.0 (Windows NT 10.0; Win64; x64) AppleWebKit/537.36 (KHTML, like Gecko) Chrome/133.0.0.0 Safari/537.36', '2025-03-05'),
(45, '::1', 'Mozilla/5.0 (Windows NT 10.0; Win64; x64) AppleWebKit/537.36 (KHTML, like Gecko) Chrome/133.0.0.0 Safari/537.36', '2025-03-05'),
(46, '::1', 'Mozilla/5.0 (Windows NT 10.0; Win64; x64) AppleWebKit/537.36 (KHTML, like Gecko) Chrome/133.0.0.0 Safari/537.36', '2025-03-05'),
(47, '::1', 'Mozilla/5.0 (Windows NT 10.0; Win64; x64) AppleWebKit/537.36 (KHTML, like Gecko) Chrome/133.0.0.0 Safari/537.36', '2025-03-10'),
(48, '::1', 'Mozilla/5.0 (Windows NT 10.0; Win64; x64) AppleWebKit/537.36 (KHTML, like Gecko) Chrome/133.0.0.0 Safari/537.36', '2025-03-10'),
(49, '::1', 'Mozilla/5.0 (Windows NT 10.0; Win64; x64) AppleWebKit/537.36 (KHTML, like Gecko) Chrome/133.0.0.0 Safari/537.36', '2025-03-10'),
(50, '::1', 'Mozilla/5.0 (Windows NT 10.0; Win64; x64) AppleWebKit/537.36 (KHTML, like Gecko) Chrome/133.0.0.0 Safari/537.36', '2025-03-10'),
(51, '::1', 'Mozilla/5.0 (Windows NT 10.0; Win64; x64) AppleWebKit/537.36 (KHTML, like Gecko) Chrome/133.0.0.0 Safari/537.36', '2025-03-10'),
(52, '::1', 'Mozilla/5.0 (Windows NT 10.0; Win64; x64) AppleWebKit/537.36 (KHTML, like Gecko) Chrome/133.0.0.0 Safari/537.36', '2025-03-10'),
(53, '::1', 'Mozilla/5.0 (Windows NT 10.0; Win64; x64) AppleWebKit/537.36 (KHTML, like Gecko) Chrome/133.0.0.0 Safari/537.36', '2025-03-10'),
(54, '::1', 'Mozilla/5.0 (Windows NT 10.0; Win64; x64) AppleWebKit/537.36 (KHTML, like Gecko) Chrome/133.0.0.0 Safari/537.36', '2025-03-10'),
(55, '::1', 'Mozilla/5.0 (Windows NT 10.0; Win64; x64) AppleWebKit/537.36 (KHTML, like Gecko) Chrome/133.0.0.0 Safari/537.36', '2025-03-10'),
(56, '::1', 'Mozilla/5.0 (Windows NT 10.0; Win64; x64) AppleWebKit/537.36 (KHTML, like Gecko) Chrome/133.0.0.0 Safari/537.36', '2025-03-10'),
(57, '::1', 'Mozilla/5.0 (Windows NT 10.0; Win64; x64) AppleWebKit/537.36 (KHTML, like Gecko) Chrome/134.0.0.0 Safari/537.36', '2025-03-16'),
(58, '::1', 'Mozilla/5.0 (Windows NT 10.0; Win64; x64) AppleWebKit/537.36 (KHTML, like Gecko) Chrome/134.0.0.0 Safari/537.36', '2025-03-16'),
(59, '::1', 'Mozilla/5.0 (Windows NT 10.0; Win64; x64) AppleWebKit/537.36 (KHTML, like Gecko) Chrome/134.0.0.0 Safari/537.36', '2025-03-16'),
(60, '::1', 'Mozilla/5.0 (Windows NT 10.0; Win64; x64) AppleWebKit/537.36 (KHTML, like Gecko) Chrome/134.0.0.0 Safari/537.36', '2025-03-16'),
(61, '::1', 'Mozilla/5.0 (Windows NT 10.0; Win64; x64) AppleWebKit/537.36 (KHTML, like Gecko) Chrome/134.0.0.0 Safari/537.36', '2025-03-16'),
(62, '::1', 'Mozilla/5.0 (Windows NT 10.0; Win64; x64) AppleWebKit/537.36 (KHTML, like Gecko) Chrome/134.0.0.0 Safari/537.36', '2025-03-16'),
(63, '::1', 'Mozilla/5.0 (Windows NT 10.0; Win64; x64) AppleWebKit/537.36 (KHTML, like Gecko) Chrome/134.0.0.0 Safari/537.36', '2025-03-16'),
(64, '::1', 'Mozilla/5.0 (Windows NT 10.0; Win64; x64) AppleWebKit/537.36 (KHTML, like Gecko) Chrome/134.0.0.0 Safari/537.36', '2025-03-16'),
(65, '::1', 'Mozilla/5.0 (Windows NT 10.0; Win64; x64) AppleWebKit/537.36 (KHTML, like Gecko) Chrome/134.0.0.0 Safari/537.36', '2025-03-16'),
(66, '::1', 'Mozilla/5.0 (Windows NT 10.0; Win64; x64) AppleWebKit/537.36 (KHTML, like Gecko) Chrome/134.0.0.0 Safari/537.36', '2025-03-16'),
(67, '::1', 'Mozilla/5.0 (Windows NT 10.0; Win64; x64) AppleWebKit/537.36 (KHTML, like Gecko) Chrome/134.0.0.0 Safari/537.36', '2025-03-16'),
(68, '::1', 'Mozilla/5.0 (Windows NT 10.0; Win64; x64) AppleWebKit/537.36 (KHTML, like Gecko) Chrome/134.0.0.0 Safari/537.36', '2025-03-16'),
(69, '::1', 'Mozilla/5.0 (Windows NT 10.0; Win64; x64) AppleWebKit/537.36 (KHTML, like Gecko) Chrome/134.0.0.0 Safari/537.36', '2025-03-16'),
(70, '::1', 'Mozilla/5.0 (Windows NT 10.0; Win64; x64) AppleWebKit/537.36 (KHTML, like Gecko) Chrome/134.0.0.0 Safari/537.36', '2025-03-16'),
(71, '::1', 'Mozilla/5.0 (Windows NT 10.0; Win64; x64) AppleWebKit/537.36 (KHTML, like Gecko) Chrome/134.0.0.0 Safari/537.36', '2025-03-16'),
(72, '::1', 'Mozilla/5.0 (Windows NT 10.0; Win64; x64) AppleWebKit/537.36 (KHTML, like Gecko) Chrome/134.0.0.0 Safari/537.36', '2025-03-16'),
(73, '::1', 'Mozilla/5.0 (Windows NT 10.0; Win64; x64) AppleWebKit/537.36 (KHTML, like Gecko) Chrome/134.0.0.0 Safari/537.36', '2025-03-16'),
(74, '::1', 'Mozilla/5.0 (Windows NT 10.0; Win64; x64) AppleWebKit/537.36 (KHTML, like Gecko) Chrome/134.0.0.0 Safari/537.36', '2025-03-16'),
(75, '::1', 'Mozilla/5.0 (Windows NT 10.0; Win64; x64) AppleWebKit/537.36 (KHTML, like Gecko) Chrome/134.0.0.0 Safari/537.36', '2025-03-16'),
(76, '::1', 'Mozilla/5.0 (Windows NT 10.0; Win64; x64) AppleWebKit/537.36 (KHTML, like Gecko) Chrome/134.0.0.0 Safari/537.36', '2025-03-16'),
(77, '::1', 'Mozilla/5.0 (Windows NT 10.0; Win64; x64) AppleWebKit/537.36 (KHTML, like Gecko) Chrome/134.0.0.0 Safari/537.36', '2025-03-17'),
(78, '::1', 'Mozilla/5.0 (Windows NT 10.0; Win64; x64) AppleWebKit/537.36 (KHTML, like Gecko) Chrome/134.0.0.0 Safari/537.36', '2025-03-17'),
(79, '::1', 'Mozilla/5.0 (Windows NT 10.0; Win64; x64) AppleWebKit/537.36 (KHTML, like Gecko) Chrome/134.0.0.0 Safari/537.36', '2025-03-17'),
(80, '::1', 'Mozilla/5.0 (Windows NT 10.0; Win64; x64) AppleWebKit/537.36 (KHTML, like Gecko) Chrome/134.0.0.0 Safari/537.36', '2025-03-17'),
(81, '::1', 'Mozilla/5.0 (Windows NT 10.0; Win64; x64) AppleWebKit/537.36 (KHTML, like Gecko) Chrome/134.0.0.0 Safari/537.36', '2025-03-17'),
(82, '::1', 'Mozilla/5.0 (Windows NT 10.0; Win64; x64) AppleWebKit/537.36 (KHTML, like Gecko) Chrome/134.0.0.0 Safari/537.36', '2025-03-17'),
(83, '::1', 'Mozilla/5.0 (Windows NT 10.0; Win64; x64) AppleWebKit/537.36 (KHTML, like Gecko) Chrome/134.0.0.0 Safari/537.36', '2025-03-17'),
(84, '::1', 'Mozilla/5.0 (Windows NT 10.0; Win64; x64) AppleWebKit/537.36 (KHTML, like Gecko) Chrome/134.0.0.0 Safari/537.36', '2025-03-17'),
(85, '::1', 'Mozilla/5.0 (Windows NT 10.0; Win64; x64) AppleWebKit/537.36 (KHTML, like Gecko) Chrome/134.0.0.0 Safari/537.36', '2025-03-17'),
(86, '::1', 'Mozilla/5.0 (Windows NT 10.0; Win64; x64) AppleWebKit/537.36 (KHTML, like Gecko) Chrome/134.0.0.0 Safari/537.36', '2025-03-17'),
(87, '::1', 'Mozilla/5.0 (Windows NT 10.0; Win64; x64) AppleWebKit/537.36 (KHTML, like Gecko) Chrome/134.0.0.0 Safari/537.36', '2025-03-17'),
(88, '::1', 'Mozilla/5.0 (Windows NT 10.0; Win64; x64) AppleWebKit/537.36 (KHTML, like Gecko) Chrome/134.0.0.0 Safari/537.36', '2025-03-17'),
(89, '::1', 'Mozilla/5.0 (Windows NT 10.0; Win64; x64) AppleWebKit/537.36 (KHTML, like Gecko) Chrome/134.0.0.0 Safari/537.36', '2025-03-17'),
(90, '::1', 'Mozilla/5.0 (Windows NT 10.0; Win64; x64) AppleWebKit/537.36 (KHTML, like Gecko) Chrome/134.0.0.0 Safari/537.36', '2025-03-17'),
(91, '::1', 'Mozilla/5.0 (Windows NT 10.0; Win64; x64) AppleWebKit/537.36 (KHTML, like Gecko) Chrome/134.0.0.0 Safari/537.36', '2025-03-17'),
(92, '::1', 'Mozilla/5.0 (Windows NT 10.0; Win64; x64) AppleWebKit/537.36 (KHTML, like Gecko) Chrome/134.0.0.0 Safari/537.36', '2025-03-17'),
(93, '::1', 'Mozilla/5.0 (Windows NT 10.0; Win64; x64) AppleWebKit/537.36 (KHTML, like Gecko) Chrome/134.0.0.0 Safari/537.36', '2025-03-17'),
(94, '::1', 'Mozilla/5.0 (Windows NT 10.0; Win64; x64) AppleWebKit/537.36 (KHTML, like Gecko) Chrome/134.0.0.0 Safari/537.36', '2025-03-17'),
(95, '::1', 'Mozilla/5.0 (Windows NT 10.0; Win64; x64) AppleWebKit/537.36 (KHTML, like Gecko) Chrome/134.0.0.0 Safari/537.36', '2025-03-17'),
(96, '::1', 'Mozilla/5.0 (Windows NT 10.0; Win64; x64) AppleWebKit/537.36 (KHTML, like Gecko) Chrome/134.0.0.0 Safari/537.36', '2025-03-17'),
(97, '::1', 'Mozilla/5.0 (Windows NT 10.0; Win64; x64) AppleWebKit/537.36 (KHTML, like Gecko) Chrome/134.0.0.0 Safari/537.36', '2025-03-17'),
(98, '::1', 'Mozilla/5.0 (Windows NT 10.0; Win64; x64) AppleWebKit/537.36 (KHTML, like Gecko) Chrome/134.0.0.0 Safari/537.36', '2025-03-17'),
(99, '::1', 'Mozilla/5.0 (Windows NT 10.0; Win64; x64) AppleWebKit/537.36 (KHTML, like Gecko) Chrome/134.0.0.0 Safari/537.36', '2025-03-17'),
(100, '::1', 'Mozilla/5.0 (Windows NT 10.0; Win64; x64) AppleWebKit/537.36 (KHTML, like Gecko) Chrome/134.0.0.0 Safari/537.36', '2025-03-17'),
(101, '::1', 'Mozilla/5.0 (Windows NT 10.0; Win64; x64) AppleWebKit/537.36 (KHTML, like Gecko) Chrome/134.0.0.0 Safari/537.36', '2025-03-17'),
(102, '::1', 'Mozilla/5.0 (Windows NT 10.0; Win64; x64) AppleWebKit/537.36 (KHTML, like Gecko) Chrome/134.0.0.0 Safari/537.36', '2025-03-17'),
(103, '::1', 'Mozilla/5.0 (Windows NT 10.0; Win64; x64) AppleWebKit/537.36 (KHTML, like Gecko) Chrome/134.0.0.0 Safari/537.36', '2025-03-17'),
(104, '::1', 'Mozilla/5.0 (Windows NT 10.0; Win64; x64) AppleWebKit/537.36 (KHTML, like Gecko) Chrome/134.0.0.0 Safari/537.36', '2025-03-17'),
(105, '::1', 'Mozilla/5.0 (Windows NT 10.0; Win64; x64) AppleWebKit/537.36 (KHTML, like Gecko) Chrome/134.0.0.0 Safari/537.36', '2025-03-17'),
(106, '::1', 'Mozilla/5.0 (Windows NT 10.0; Win64; x64) AppleWebKit/537.36 (KHTML, like Gecko) Chrome/134.0.0.0 Safari/537.36', '2025-03-17'),
(107, '::1', 'Mozilla/5.0 (Windows NT 10.0; Win64; x64) AppleWebKit/537.36 (KHTML, like Gecko) Chrome/134.0.0.0 Safari/537.36', '2025-03-17'),
(108, '::1', 'Mozilla/5.0 (Windows NT 10.0; Win64; x64) AppleWebKit/537.36 (KHTML, like Gecko) Chrome/134.0.0.0 Safari/537.36', '2025-03-17'),
(109, '::1', 'Mozilla/5.0 (Windows NT 10.0; Win64; x64) AppleWebKit/537.36 (KHTML, like Gecko) Chrome/134.0.0.0 Safari/537.36', '2025-03-17'),
(110, '::1', 'Mozilla/5.0 (Windows NT 10.0; Win64; x64) AppleWebKit/537.36 (KHTML, like Gecko) Chrome/134.0.0.0 Safari/537.36', '2025-03-17'),
(111, '::1', 'Mozilla/5.0 (Windows NT 10.0; Win64; x64) AppleWebKit/537.36 (KHTML, like Gecko) Chrome/134.0.0.0 Safari/537.36', '2025-03-18'),
(112, '::1', 'Mozilla/5.0 (Windows NT 10.0; Win64; x64) AppleWebKit/537.36 (KHTML, like Gecko) Chrome/134.0.0.0 Safari/537.36', '2025-03-18'),
(113, '::1', 'Mozilla/5.0 (Windows NT 10.0; Win64; x64) AppleWebKit/537.36 (KHTML, like Gecko) Chrome/134.0.0.0 Safari/537.36', '2025-03-18'),
(114, '::1', 'Mozilla/5.0 (Windows NT 10.0; Win64; x64) AppleWebKit/537.36 (KHTML, like Gecko) Chrome/134.0.0.0 Safari/537.36', '2025-03-18'),
(115, '::1', 'Mozilla/5.0 (Windows NT 10.0; Win64; x64) AppleWebKit/537.36 (KHTML, like Gecko) Chrome/134.0.0.0 Safari/537.36', '2025-03-18'),
(116, '::1', 'Mozilla/5.0 (Windows NT 10.0; Win64; x64) AppleWebKit/537.36 (KHTML, like Gecko) Chrome/134.0.0.0 Safari/537.36', '2025-03-18'),
(117, '::1', 'Mozilla/5.0 (Windows NT 10.0; Win64; x64) AppleWebKit/537.36 (KHTML, like Gecko) Chrome/134.0.0.0 Safari/537.36', '2025-03-18'),
(118, '::1', 'Mozilla/5.0 (Windows NT 10.0; Win64; x64) AppleWebKit/537.36 (KHTML, like Gecko) Chrome/134.0.0.0 Safari/537.36', '2025-03-18'),
(119, '::1', 'Mozilla/5.0 (Windows NT 10.0; Win64; x64) AppleWebKit/537.36 (KHTML, like Gecko) Chrome/134.0.0.0 Safari/537.36', '2025-03-18'),
(120, '::1', 'Mozilla/5.0 (Windows NT 10.0; Win64; x64) AppleWebKit/537.36 (KHTML, like Gecko) Chrome/134.0.0.0 Safari/537.36', '2025-03-18'),
(121, '::1', 'Mozilla/5.0 (Windows NT 10.0; Win64; x64) AppleWebKit/537.36 (KHTML, like Gecko) Chrome/134.0.0.0 Safari/537.36', '2025-03-18'),
(122, '::1', 'Mozilla/5.0 (Windows NT 10.0; Win64; x64) AppleWebKit/537.36 (KHTML, like Gecko) Chrome/134.0.0.0 Safari/537.36', '2025-03-18'),
(123, '::1', 'Mozilla/5.0 (Windows NT 10.0; Win64; x64) AppleWebKit/537.36 (KHTML, like Gecko) Chrome/134.0.0.0 Safari/537.36', '2025-03-18'),
(124, '::1', 'Mozilla/5.0 (Windows NT 10.0; Win64; x64) AppleWebKit/537.36 (KHTML, like Gecko) Chrome/134.0.0.0 Safari/537.36', '2025-03-18'),
(125, '::1', 'Mozilla/5.0 (Windows NT 10.0; Win64; x64) AppleWebKit/537.36 (KHTML, like Gecko) Chrome/134.0.0.0 Safari/537.36', '2025-03-18'),
(126, '::1', 'Mozilla/5.0 (Windows NT 10.0; Win64; x64) AppleWebKit/537.36 (KHTML, like Gecko) Chrome/134.0.0.0 Safari/537.36', '2025-03-18'),
(127, '::1', 'Mozilla/5.0 (Windows NT 10.0; Win64; x64) AppleWebKit/537.36 (KHTML, like Gecko) Chrome/134.0.0.0 Safari/537.36', '2025-03-18'),
(128, '::1', 'Mozilla/5.0 (Windows NT 10.0; Win64; x64) AppleWebKit/537.36 (KHTML, like Gecko) Chrome/134.0.0.0 Safari/537.36', '2025-03-18'),
(129, '::1', 'Mozilla/5.0 (Windows NT 10.0; Win64; x64) AppleWebKit/537.36 (KHTML, like Gecko) Chrome/134.0.0.0 Safari/537.36', '2025-03-18'),
(130, '::1', 'Mozilla/5.0 (Windows NT 10.0; Win64; x64) AppleWebKit/537.36 (KHTML, like Gecko) Chrome/134.0.0.0 Safari/537.36', '2025-03-18'),
(131, '::1', 'Mozilla/5.0 (Windows NT 10.0; Win64; x64) AppleWebKit/537.36 (KHTML, like Gecko) Chrome/134.0.0.0 Safari/537.36', '2025-03-19'),
(132, '::1', 'Mozilla/5.0 (Windows NT 10.0; Win64; x64) AppleWebKit/537.36 (KHTML, like Gecko) Chrome/134.0.0.0 Safari/537.36', '2025-03-19'),
(133, '::1', 'Mozilla/5.0 (Windows NT 10.0; Win64; x64) AppleWebKit/537.36 (KHTML, like Gecko) Chrome/134.0.0.0 Safari/537.36', '2025-03-19'),
(134, '::1', 'Mozilla/5.0 (Windows NT 10.0; Win64; x64) AppleWebKit/537.36 (KHTML, like Gecko) Chrome/134.0.0.0 Safari/537.36', '2025-03-19'),
(135, '::1', 'Mozilla/5.0 (Windows NT 10.0; Win64; x64) AppleWebKit/537.36 (KHTML, like Gecko) Chrome/134.0.0.0 Safari/537.36', '2025-03-19'),
(136, '::1', 'Mozilla/5.0 (Windows NT 10.0; Win64; x64) AppleWebKit/537.36 (KHTML, like Gecko) Chrome/134.0.0.0 Safari/537.36', '2025-03-19'),
(137, '::1', 'Mozilla/5.0 (Windows NT 10.0; Win64; x64) AppleWebKit/537.36 (KHTML, like Gecko) Chrome/134.0.0.0 Safari/537.36', '2025-03-19'),
(138, '::1', 'Mozilla/5.0 (Windows NT 10.0; Win64; x64) AppleWebKit/537.36 (KHTML, like Gecko) Chrome/134.0.0.0 Safari/537.36', '2025-03-19'),
(139, '::1', 'Mozilla/5.0 (Windows NT 10.0; Win64; x64) AppleWebKit/537.36 (KHTML, like Gecko) Chrome/134.0.0.0 Safari/537.36', '2025-03-19'),
(140, '::1', 'Mozilla/5.0 (Windows NT 10.0; Win64; x64) AppleWebKit/537.36 (KHTML, like Gecko) Chrome/134.0.0.0 Safari/537.36', '2025-03-19'),
(141, '::1', 'Mozilla/5.0 (Windows NT 10.0; Win64; x64) AppleWebKit/537.36 (KHTML, like Gecko) Chrome/134.0.0.0 Safari/537.36', '2025-03-19'),
(142, '::1', 'Mozilla/5.0 (Windows NT 10.0; Win64; x64) AppleWebKit/537.36 (KHTML, like Gecko) Chrome/134.0.0.0 Safari/537.36', '2025-03-19'),
(143, '::1', 'Mozilla/5.0 (Windows NT 10.0; Win64; x64) AppleWebKit/537.36 (KHTML, like Gecko) Chrome/134.0.0.0 Safari/537.36', '2025-03-19'),
(144, '::1', 'Mozilla/5.0 (Windows NT 10.0; Win64; x64) AppleWebKit/537.36 (KHTML, like Gecko) Chrome/134.0.0.0 Safari/537.36', '2025-03-19'),
(145, '::1', 'Mozilla/5.0 (Windows NT 10.0; Win64; x64) AppleWebKit/537.36 (KHTML, like Gecko) Chrome/134.0.0.0 Safari/537.36', '2025-03-19'),
(146, '::1', 'Mozilla/5.0 (Windows NT 10.0; Win64; x64) AppleWebKit/537.36 (KHTML, like Gecko) Chrome/134.0.0.0 Safari/537.36', '2025-03-19'),
(147, '::1', 'Mozilla/5.0 (Windows NT 10.0; Win64; x64) AppleWebKit/537.36 (KHTML, like Gecko) Chrome/134.0.0.0 Safari/537.36', '2025-03-19'),
(148, '::1', 'Mozilla/5.0 (Windows NT 10.0; Win64; x64) AppleWebKit/537.36 (KHTML, like Gecko) Chrome/134.0.0.0 Safari/537.36', '2025-03-19'),
(149, '::1', 'Mozilla/5.0 (Windows NT 10.0; Win64; x64) AppleWebKit/537.36 (KHTML, like Gecko) Chrome/134.0.0.0 Safari/537.36', '2025-03-19'),
(150, '::1', 'Mozilla/5.0 (Windows NT 10.0; Win64; x64) AppleWebKit/537.36 (KHTML, like Gecko) Chrome/134.0.0.0 Safari/537.36', '2025-03-19'),
(151, '::1', 'Mozilla/5.0 (Windows NT 10.0; Win64; x64) AppleWebKit/537.36 (KHTML, like Gecko) Chrome/134.0.0.0 Safari/537.36', '2025-03-19'),
(152, '::1', 'Mozilla/5.0 (Windows NT 10.0; Win64; x64) AppleWebKit/537.36 (KHTML, like Gecko) Chrome/134.0.0.0 Safari/537.36', '2025-03-19'),
(153, '::1', 'Mozilla/5.0 (Windows NT 10.0; Win64; x64) AppleWebKit/537.36 (KHTML, like Gecko) Chrome/134.0.0.0 Safari/537.36', '2025-03-23'),
(154, '::1', 'Mozilla/5.0 (Windows NT 10.0; Win64; x64) AppleWebKit/537.36 (KHTML, like Gecko) Chrome/134.0.0.0 Safari/537.36', '2025-03-23'),
(155, '::1', 'Mozilla/5.0 (Windows NT 10.0; Win64; x64) AppleWebKit/537.36 (KHTML, like Gecko) Chrome/134.0.0.0 Safari/537.36', '2025-03-23'),
(156, '::1', 'Mozilla/5.0 (Windows NT 10.0; Win64; x64) AppleWebKit/537.36 (KHTML, like Gecko) Chrome/134.0.0.0 Safari/537.36', '2025-03-23'),
(157, '::1', 'Mozilla/5.0 (Windows NT 10.0; Win64; x64) AppleWebKit/537.36 (KHTML, like Gecko) Chrome/134.0.0.0 Safari/537.36', '2025-03-23'),
(158, '::1', 'Mozilla/5.0 (Windows NT 10.0; Win64; x64) AppleWebKit/537.36 (KHTML, like Gecko) Chrome/134.0.0.0 Safari/537.36', '2025-03-23'),
(159, '::1', 'Mozilla/5.0 (Windows NT 10.0; Win64; x64) AppleWebKit/537.36 (KHTML, like Gecko) Chrome/134.0.0.0 Safari/537.36', '2025-03-23'),
(160, '::1', 'Mozilla/5.0 (Windows NT 10.0; Win64; x64) AppleWebKit/537.36 (KHTML, like Gecko) Chrome/134.0.0.0 Safari/537.36', '2025-03-23'),
(161, '::1', 'Mozilla/5.0 (Windows NT 10.0; Win64; x64) AppleWebKit/537.36 (KHTML, like Gecko) Chrome/134.0.0.0 Safari/537.36', '2025-03-23'),
(162, '::1', 'Mozilla/5.0 (Windows NT 10.0; Win64; x64) AppleWebKit/537.36 (KHTML, like Gecko) Chrome/134.0.0.0 Safari/537.36', '2025-03-23'),
(163, '::1', 'Mozilla/5.0 (Windows NT 10.0; Win64; x64) AppleWebKit/537.36 (KHTML, like Gecko) Chrome/134.0.0.0 Safari/537.36', '2025-03-23'),
(164, '::1', 'Mozilla/5.0 (Windows NT 10.0; Win64; x64) AppleWebKit/537.36 (KHTML, like Gecko) Chrome/134.0.0.0 Safari/537.36', '2025-03-23'),
(165, '::1', 'Mozilla/5.0 (Windows NT 10.0; Win64; x64) AppleWebKit/537.36 (KHTML, like Gecko) Chrome/134.0.0.0 Safari/537.36', '2025-03-23'),
(166, '::1', 'Mozilla/5.0 (Windows NT 10.0; Win64; x64) AppleWebKit/537.36 (KHTML, like Gecko) Chrome/134.0.0.0 Safari/537.36', '2025-03-23'),
(167, '::1', 'Mozilla/5.0 (Windows NT 10.0; Win64; x64) AppleWebKit/537.36 (KHTML, like Gecko) Chrome/134.0.0.0 Safari/537.36', '2025-03-23'),
(168, '::1', 'Mozilla/5.0 (Windows NT 10.0; Win64; x64) AppleWebKit/537.36 (KHTML, like Gecko) Chrome/134.0.0.0 Safari/537.36', '2025-03-23'),
(169, '::1', 'Mozilla/5.0 (Windows NT 10.0; Win64; x64) AppleWebKit/537.36 (KHTML, like Gecko) Chrome/134.0.0.0 Safari/537.36', '2025-03-23'),
(170, '::1', 'Mozilla/5.0 (Windows NT 10.0; Win64; x64) AppleWebKit/537.36 (KHTML, like Gecko) Chrome/134.0.0.0 Safari/537.36', '2025-03-23'),
(171, '::1', 'Mozilla/5.0 (Windows NT 10.0; Win64; x64) AppleWebKit/537.36 (KHTML, like Gecko) Chrome/134.0.0.0 Safari/537.36', '2025-03-23'),
(172, '::1', 'Mozilla/5.0 (Windows NT 10.0; Win64; x64) AppleWebKit/537.36 (KHTML, like Gecko) Chrome/134.0.0.0 Safari/537.36', '2025-03-23'),
(173, '::1', 'Mozilla/5.0 (Linux; Android 6.0; Nexus 5 Build/MRA58N) AppleWebKit/537.36 (KHTML, like Gecko) Chrome/134.0.0.0 Mobile Safari/537.36', '2025-03-23'),
(174, '::1', 'Mozilla/5.0 (Windows NT 10.0; Win64; x64) AppleWebKit/537.36 (KHTML, like Gecko) Chrome/134.0.0.0 Safari/537.36', '2025-03-23'),
(175, '::1', 'Mozilla/5.0 (Linux; Android 6.0; Nexus 5 Build/MRA58N) AppleWebKit/537.36 (KHTML, like Gecko) Chrome/134.0.0.0 Mobile Safari/537.36', '2025-03-23'),
(176, '::1', 'Mozilla/5.0 (Windows NT 10.0; Win64; x64) AppleWebKit/537.36 (KHTML, like Gecko) Chrome/134.0.0.0 Safari/537.36', '2025-03-23'),
(177, '::1', 'Mozilla/5.0 (Windows NT 10.0; Win64; x64) AppleWebKit/537.36 (KHTML, like Gecko) Chrome/134.0.0.0 Safari/537.36', '2025-03-23'),
(178, '::1', 'Mozilla/5.0 (Windows NT 10.0; Win64; x64) AppleWebKit/537.36 (KHTML, like Gecko) Chrome/134.0.0.0 Safari/537.36', '2025-03-23'),
(179, '::1', 'Mozilla/5.0 (Windows NT 10.0; Win64; x64) AppleWebKit/537.36 (KHTML, like Gecko) Chrome/134.0.0.0 Safari/537.36', '2025-03-23'),
(180, '::1', 'Mozilla/5.0 (Windows NT 10.0; Win64; x64) AppleWebKit/537.36 (KHTML, like Gecko) Chrome/134.0.0.0 Safari/537.36', '2025-03-23'),
(181, '::1', 'Mozilla/5.0 (Windows NT 10.0; Win64; x64) AppleWebKit/537.36 (KHTML, like Gecko) Chrome/134.0.0.0 Safari/537.36', '2025-03-23'),
(182, '::1', 'Mozilla/5.0 (Windows NT 10.0; Win64; x64) AppleWebKit/537.36 (KHTML, like Gecko) Chrome/134.0.0.0 Safari/537.36', '2025-03-23'),
(183, '::1', 'Mozilla/5.0 (Windows NT 10.0; Win64; x64) AppleWebKit/537.36 (KHTML, like Gecko) Chrome/134.0.0.0 Safari/537.36', '2025-03-23'),
(184, '::1', 'Mozilla/5.0 (Windows NT 10.0; Win64; x64) AppleWebKit/537.36 (KHTML, like Gecko) Chrome/134.0.0.0 Safari/537.36', '2025-03-23'),
(185, '::1', 'Mozilla/5.0 (Windows NT 10.0; Win64; x64) AppleWebKit/537.36 (KHTML, like Gecko) Chrome/134.0.0.0 Safari/537.36', '2025-03-23'),
(186, '::1', 'Mozilla/5.0 (Windows NT 10.0; Win64; x64) AppleWebKit/537.36 (KHTML, like Gecko) Chrome/134.0.0.0 Safari/537.36', '2025-03-23'),
(187, '::1', 'Mozilla/5.0 (Windows NT 10.0; Win64; x64) AppleWebKit/537.36 (KHTML, like Gecko) Chrome/134.0.0.0 Safari/537.36', '2025-03-23'),
(188, '::1', 'Mozilla/5.0 (Windows NT 10.0; Win64; x64) AppleWebKit/537.36 (KHTML, like Gecko) Chrome/134.0.0.0 Safari/537.36', '2025-03-23');

--
-- Chỉ mục cho các bảng đã đổ
--

--
-- Chỉ mục cho bảng `configs`
--
ALTER TABLE `configs`
  ADD PRIMARY KEY (`id`);

--
-- Chỉ mục cho bảng `orders`
--
ALTER TABLE `orders`
  ADD PRIMARY KEY (`id`),
  ADD KEY `product_id` (`product_id`);

--
-- Chỉ mục cho bảng `products`
--
ALTER TABLE `products`
  ADD PRIMARY KEY (`id`);

--
-- Chỉ mục cho bảng `product_images`
--
ALTER TABLE `product_images`
  ADD PRIMARY KEY (`id`),
  ADD KEY `product_id` (`product_id`);

--
-- Chỉ mục cho bảng `sliders`
--
ALTER TABLE `sliders`
  ADD PRIMARY KEY (`id`);

--
-- Chỉ mục cho bảng `users`
--
ALTER TABLE `users`
  ADD PRIMARY KEY (`id`);

--
-- Chỉ mục cho bảng `visits`
--
ALTER TABLE `visits`
  ADD PRIMARY KEY (`id`);

--
-- AUTO_INCREMENT cho các bảng đã đổ
--

--
-- AUTO_INCREMENT cho bảng `configs`
--
ALTER TABLE `configs`
  MODIFY `id` int(11) NOT NULL AUTO_INCREMENT, AUTO_INCREMENT=21;

--
-- AUTO_INCREMENT cho bảng `orders`
--
ALTER TABLE `orders`
  MODIFY `id` int(11) NOT NULL AUTO_INCREMENT, AUTO_INCREMENT=7;

--
-- AUTO_INCREMENT cho bảng `products`
--
ALTER TABLE `products`
  MODIFY `id` int(11) NOT NULL AUTO_INCREMENT, AUTO_INCREMENT=11;

--
-- AUTO_INCREMENT cho bảng `product_images`
--
ALTER TABLE `product_images`
  MODIFY `id` int(11) NOT NULL AUTO_INCREMENT, AUTO_INCREMENT=9;

--
-- AUTO_INCREMENT cho bảng `sliders`
--
ALTER TABLE `sliders`
  MODIFY `id` int(11) NOT NULL AUTO_INCREMENT, AUTO_INCREMENT=5;

--
-- AUTO_INCREMENT cho bảng `users`
--
ALTER TABLE `users`
  MODIFY `id` int(11) NOT NULL AUTO_INCREMENT, AUTO_INCREMENT=2;

--
-- AUTO_INCREMENT cho bảng `visits`
--
ALTER TABLE `visits`
  MODIFY `id` int(11) NOT NULL AUTO_INCREMENT, AUTO_INCREMENT=189;

--
-- Các ràng buộc cho các bảng đã đổ
--

--
-- Các ràng buộc cho bảng `orders`
--
ALTER TABLE `orders`
  ADD CONSTRAINT `orders_ibfk_1` FOREIGN KEY (`product_id`) REFERENCES `products` (`id`) ON DELETE NO ACTION ON UPDATE CASCADE;

--
-- Các ràng buộc cho bảng `product_images`
--
ALTER TABLE `product_images`
  ADD CONSTRAINT `product_images_ibfk_1` FOREIGN KEY (`product_id`) REFERENCES `products` (`id`) ON DELETE NO ACTION ON UPDATE CASCADE;
COMMIT;

/*!40101 SET CHARACTER_SET_CLIENT=@OLD_CHARACTER_SET_CLIENT */;
/*!40101 SET CHARACTER_SET_RESULTS=@OLD_CHARACTER_SET_RESULTS */;
/*!40101 SET COLLATION_CONNECTION=@OLD_COLLATION_CONNECTION */;
